commit	start	end	train_s	eval_s	status
b15ec66	1791301195.2	1791301227.9	1.5	31.2	ok
b3f5d13	1791301261.5	1791301295.0	2.6	30.9	ok
029705b	1791301343.8	1791301353.1	1.4	7.9	ok
53f3a8d	1791301399.5	1791301408.2	1.4	7.3	ok
9bd4174	1791301428.7	1791301436.9	1.2	7.0	ok
bcc6d6d	1791301478.3	1791301487.1	1.8	7.1	ok
804ff74	1791301520.7	1791301529.3	1.2	7.4	ok
00d9ae4	1791301559.5	1791301566.9	1.2	6.2	ok
6496aa1	1791301625.3	1791301634.2	1.2	7.7	ok
dec4d13	1791301675.9	1791301683.4	1.2	6.3	ok
4596fe1	1791301716.0	1791301723.5	1.2	6.3	ok
7475247	1791301805.3	1791301813.8	2.0	6.5	ok
a233875	1791301896.4	1791301904.9	1.3	7.2	ok
9f61a4c	1791301986.7	1791301995.9	2.7	6.5	ok
b42688b	1791302043.9	1791302054.4	3.1	7.4	ok
f810db2	1791302118.0	1791302131.0	6.3	6.6	ok
a713052	1791302169.6	1791302179.7	3.0	7.1	ok
a19f18d	1791302398.8	1791302412.0	3.6	9.6	ok
a375971	1791302460.9	1791302469.9	2.7	6.3	ok
a6f16bf	1791302514.7	1791302525.1	4.0	6.5	ok
ee567b6	1791302592.8	1791302604.3	4.0	7.4	ok
45fe7d3	1791302738.9	1791302750.4	5.0	6.5	ok
01243cc	1791302851.9	1791302862.4	4.1	6.4	ok
7135af7	1791302930.5	1791302941.0	4.0	6.5	ok
7fb6983	1791302998.6	1791303010.5	5.3	6.6	ok
a9b8f71	1791303046.4	1791303055.0	2.2	6.5	ok
6740b54	1791303111.6	1791303123.5	5.2	6.6	ok
4b8e8fb	1791303169.5	1791303182.4	5.5	7.5	ok
b91276e	1791303257.8	1791303272.1	5.9	8.3	ok
df32702	1791303322.8	1791303336.9	5.8	8.3	ok
d961d2e	1791303424.5	1791303435.8	3.2	8.0	ok
f7dc1a3	1791303592.9	1791303608.0	7.0	8.2	ok
ef014b1	1791303675.8	1791303691.4	6.2	9.3	ok
4ce4ac8	1791303745.7	1791303761.1	6.1	9.3	ok
8e9971a	1791303828.7	1791303844.3	6.1	9.4	ok
62e624e	1791303868.7	1791303884.2	6.3	9.2	ok
8d7aed3	1791303953.2	1791303966.8	6.2	7.4	ok
104f916	1791304013.7	1791304027.5	6.3	7.4	ok
e9f7ec6	1791304100.2	1791304113.8	6.5	7.1	ok
a961790	1791304190.9	1791304207.1	8.8	7.4	ok
601eaed	1791304278.8	1791304292.7	6.7	7.2	ok
53ae862	1791304388.5	1791304398.6	3.2	7.0	ok
063f35f	1791304475.8	1791304489.8	6.9	7.1	ok
